http://news.google.com/?output=rss,RssPluginGoogle
http://feeds.bbci.co.uk/news/system/latest_published_content/rss.xml
http://feeds.bbci.co.uk/news/rss.xml
http://feeds.bbci.co.uk/news/world/rss.xml
http://feeds.bbci.co.uk/news/business/rss.xml
http://feeds.bbci.co.uk/news/uk/rss.xml
http://uk.finance.yahoo.com/news/topic-top-stories/?format=rss
http://uk.finance.yahoo.com/news/category-international/?format=rss
http://mf.feeds.reuters.com/reuters/UKTopNews
http://mf.feeds.reuters.com/reuters/UKBankingFinancial
http://www.forbes.com/feeds/popstories.xml
http://www.forbes.com/real-time/feed2/
http://www.forbes.com/markets/index.xml
http://www.forbes.com/europe_news/index.xml
http://www.forbes.com/asia_news/index.xml
http://www.forbes.com/business/index.xml
http://www.forbes.com/autos/index.xml
http://www.forbes.com/energy/index.xml
http://www.forbes.com/healthcare/index.xml
http://www.forbes.com/sportsmoney/index.xml
http://www.forbes.com/finance/index.xml
http://www.forbes.com/entrepreneurs/index.xml
http://www.forbes.com/technology/index.xml
http://www.forbes.com/intelligent-technology/index.xml
http://www.forbes.com/security/index.xml
http://www.forbes.com/opinions/index.xml
http://www.forbes.com/education/index.xml
http://www.forbes.com/leadership/index.xml
http://www.forbes.com/cmo-network/index.xml
http://www.forbes.com/forbeswoman/index.xml
http://www.forbes.com/sales-leadership/index.xml
http://www.forbes.com/markets/index.xml
http://www.forbes.com/bonds/index.xml
http://www.forbes.com/options/index.xml
http://news.yahoo.com/rss/
http://feeds.reuters.com/news/artsculture
http://feeds.reuters.com/reuters/businessNews
http://feeds.reuters.com/ReutersBusinessTravel
http://feeds.reuters.com/reuters/companyNews
http://feeds.reuters.com/Counterparties
http://feeds.reuters.com/reuters/Election2012
http://feeds.reuters.com/reuters/entertainment	
http://feeds.reuters.com/reuters/environment	
http://feeds.reuters.com/reuters/healthNews	
http://feeds.reuters.com/reuters/lifestyle	
http://feeds.reuters.com/news/reutersmedia
http://feeds.reuters.com/news/wealth
http://feeds.reuters.com/reuters/MostRead
http://feeds.reuters.com/reuters/oddlyEnoughNews
http://feeds.reuters.com/ReutersPictures
http://feeds.reuters.com/reuters/peopleNews
http://feeds.reuters.com/Reuters/PoliticsNews
http://feeds.reuters.com/reuters/scienceNews
http://feeds.reuters.com/reuters/sportsNews
http://feeds.reuters.com/reuters/technologyNews
http://feeds.reuters.com/reuters/topNews
http://feeds.reuters.com/Reuters/domesticNews
http://feeds.reuters.com/Reuters/worldNews
http://feeds.reuters.com/reuters/bankruptcyNews
http://feeds.reuters.com/reuters/bondsNews
http://feeds.reuters.com/news/deals
http://feeds.reuters.com/news/economy
http://feeds.reuters.com/reuters/financialServicesrealEstateNews
http://feeds.reuters.com/reuters/globalmarketsNews
http://feeds.reuters.com/news/hedgefunds
http://feeds.reuters.com/reuters/hotStocksNews
http://www.reuters.com/rssFeed/newIssuesNews
http://feeds.reuters.com/reuters/mergersNews
http://feeds.reuters.com/reuters/privateequityNews
http://feeds.reuters.com/reuters/governmentfilingsNews
http://feeds.reuters.com/reuters/smallBusinessNews
http://feeds.reuters.com/reuters/summitNews
http://feeds.reuters.com/reuters/USdollarreportNews
http://feeds.reuters.com/news/usmarkets
http://feeds.reuters.com/reuters/basicmaterialsNews
http://feeds.reuters.com/reuters/cyclicalconsumergoodsNews
http://feeds.reuters.com/reuters/USenergyNews
http://feeds.reuters.com/reuters/environment
http://feeds.reuters.com/reuters/financialsNews
http://feeds.reuters.com/reuters/UShealthcareNews
http://feeds.reuters.com/reuters/industrialsNews
http://feeds.reuters.com/reuters/USmediaDiversifiedNews
http://feeds.reuters.com/reuters/noncyclicalconsumergoodsNews
http://feeds.reuters.com/reuters/technologysectorNews
http://feeds.reuters.com/reuters/UStechnologyTelcomNews
http://feeds.reuters.com/reuters/telecomsectorNews
http://feeds.reuters.com/reuters/utilitiesNews
http://feeds.reuters.com/reuters/blogs/AfghanJournal
http://feeds.reuters.com/reuters/blogs/AnthonyDerosa
http://feeds.reuters.com/reuters/blogs/reuters-dealzone
http://feeds.reuters.com/ChrystiaFreeland
http://feeds.reuters.com/reuters/reuters/blogs/DavidCayJohnston
http://feeds.feedburner.com/reuters/blogs/DavosNotebook
http://feeds.reuters.com/reuters/blogs/reuters-dealzone
http://feeds.reuters.com/reuters/iOWg
http://feeds.reuters.com/reuters/blogs/entrepreneurial
http://feeds.reuters.com/reuters/blogs/Faithworld
http://feeds.reuters.com/reuters/blogs/felix-salmon
http://feeds.reuters.com/reuters/blogs/FinancialRegulatoryForum
http://feeds.reuters.com/reuters/blogs/for-the-record
http://feeds.reuters.com/reuters/blogs/FundsHub
http://feeds.reuters.com/reuters/blogs/GeorgeChen
http://feeds.reuters.com/reuters/blogs/GeraldineFabrikant
http://feeds.reuters.com/reuters/blogs/GlobalInvesting
http://feeds.reuters.com/reuters/blogs/HugoDixon
http://feeds.reuters.com/reuters/blogs/IanBremmer
http://feeds.reuters.com/reuters/blogs/India
http://feeds.reuters.com/reuters/blogs/jackshafer
http://feeds.reuters.com/reuters/blogs/JamesPethokoukis
http://feeds.reuters.com/reuters/blogs/JamesSaft
http://feeds.reuters.com/reuters/blogs/JohnCAbell
http://feeds.reuters.com/reuters/blogs/JohnWasik
http://feeds.reuters.com/LucyMarcus
http://feeds.reuters.com/reuters/blogs/LawrenceSummers
http://feeds.reuters.com/reuters/blogs/macroscope
http://feeds.reuters.com/reuters/blogs/mediafile
http://feeds.reuters.com/reuters/blogs/mohamedelerian
http://feeds.reuters.com/reuters/blogs/newsmaker
http://feeds.reuters.com/reuters/blogs/ReutersBreakingviews
http://feeds.reuters.com/reuters/blogs/reuters-editors
http://feeds.reuters.com/reuters/blogs/photo
http://feeds.reuters.com/reuters/blogs/SummitNotebook
http://feeds.reuters.com/reuters/blogs/talesfromthetrail
http://feeds.reuters.com/reuters/blogs/the-deep-end
http://feeds.reuters.com/reuters/blogs/the-great-debate
http://feeds.reuters.com/reuters/blogs/the-human-impact
http://feeds.reuters.com/reuters/blogs/taxbreak
http://feeds.reuters.com/UnstructuredFinance
http://feeds.washingtonpost.com/rss/politics
http://feeds.washingtonpost.com/rss/politics/federal-government
http://feeds.washingtonpost.com/rss/politics/polling
http://feeds.washingtonpost.com/rss/rss_election-2012
http://feeds.washingtonpost.com/rss/rss_fact-checker
http://feeds.washingtonpost.com/rss/rss_federal-eye
http://feeds.washingtonpost.com/rss/rss_in-the-loop
http://feeds.washingtonpost.com/rss/rss_she-the-people
http://feeds.washingtonpost.com/rss/rss_the-fix
http://feeds.washingtonpost.com/rss/rss_think-tanked
http://feeds.washingtonpost.com/rss/opinions
http://feeds.washingtonpost.com/rss/opinions/toles
http://feeds.washingtonpost.com/rss/opinions/left-leaning
http://feeds.washingtonpost.com/rss/opinions/right-leaninghttp://feeds.washingtonpost.com/rss/opinions/local-opinions
http://feeds.washingtonpost.com/rss/rss_achenblog
http://feeds.washingtonpost.com/rss/rss_compost
http://feeds.washingtonpost.com/rss/rss_erik-wemple
http://feeds.washingtonpost.com/rss/rss_plum-line
http://feeds.washingtonpost.com/rss/rss_post-partisan
http://feeds.washingtonpost.com/rss/rss_right-turn
http://feeds.washingtonpost.com/rss/rss_tom-toles
http://feeds.washingtonpost.com/rss/local
http://feeds.washingtonpost.com/rss/local/dc-news
http://feeds.washingtonpost.com/rss/local/maryland-news
http://feeds.washingtonpost.com/rss/local/virginia-news
http://feeds.washingtonpost.com/rss/local/crime
http://feeds.washingtonpost.com/rss/local/education
http://feeds.washingtonpost.com/rss/local/traffic-commuting
http://feeds.washingtonpost.com/rss/local/therootdc
http://feeds.washingtonpost.com/rss/local/blogs-columns
http://feeds.washingtonpost.com/rss/local/dc-politics
http://feeds.washingtonpost.com/rss/local/md-politics
http://feeds.washingtonpost.com/rss/local/loudoun-fauquier
http://feeds.washingtonpost.com/rss/local/prince-william
http://feeds.washingtonpost.com/rss/local/arlington
http://feeds.washingtonpost.com/rss/local/alexandria
http://feeds.washingtonpost.com/rss/local/howard
http://feeds.washingtonpost.com/rss/local/anne-arundel
http://feeds.washingtonpost.com/rss/local/montgomery
http://feeds.washingtonpost.com/rss/local/fairfax
http://feeds.washingtonpost.com/rss/local/southern-maryland
http://feeds.washingtonpost.com/rss/local/va-politics
http://feeds.washingtonpost.com/rss/sports
http://feeds.washingtonpost.com/rss/sports/redskins
http://feeds.washingtonpost.com/rss/sports/capitals
http://feeds.washingtonpost.com/rss/sports/wizards
http://feeds.washingtonpost.com/rss/sports/nationals
http://feeds.washingtonpost.com/rss/sports/dcunited
http://feeds.washingtonpost.com/rss/sports/colleges
http://feeds.washingtonpost.com/rss/sports/highschools
http://feeds.washingtonpost.com/rss/sports/blogs-columns
http://feeds.washingtonpost.com/rss/sports/othersports
http://feeds.washingtonpost.com/rss/rss_capitals-insider
http://feeds.washingtonpost.com/rss/rss_dc-sports-bog
http://feeds.washingtonpost.com/rss/rss_early-lead
http://feeds.washingtonpost.com/rss/rss_football-insider
http://feeds.washingtonpost.com/rss/rss_nationals-journal
http://feeds.washingtonpost.com/rss/rss_recruiting-insider
http://feeds.washingtonpost.com/rss/rss_soccer-insider
http://feeds.washingtonpost.com/rss/rss_terrapins-insider
http://feeds.washingtonpost.com/rss/rss_wizards-insider
http://feeds.washingtonpost.com/rss/national
http://feeds.washingtonpost.com/rss/national/energy-environment
http://feeds.washingtonpost.com/rss/national/health-science
http://feeds.washingtonpost.com/rss/national/higher-education
http://feeds.washingtonpost.com/rss/national/on-leadership
http://feeds.washingtonpost.com/rss/national/on-innovations
http://feeds.washingtonpost.com/rss/rss_innovations
http://feeds.washingtonpost.com/rss/rss_on-faith
http://feeds.washingtonpost.com/rss/rss_on-leadership
http://feeds.washingtonpost.com/rss/world
http://feeds.washingtonpost.com/rss/world/africa
http://feeds.washingtonpost.com/rss/world/americas
http://feeds.washingtonpost.com/rss/world/asia-pacific
http://feeds.washingtonpost.com/rss/world/europe
http://feeds.washingtonpost.com/rss/world/middle-east
http://feeds.washingtonpost.com/rss/world/national-security
http://feeds.washingtonpost.com/rss/world/war-zones
http://feeds.washingtonpost.com/rss/rss_blogpost
http://feeds.washingtonpost.com/rss/business
http://feeds.washingtonpost.com/rss/business/local-business
http://feeds.washingtonpost.com/rss/business/technology
http://feeds.washingtonpost.com/rss/capital_business
http://feeds.washingtonpost.com/rss/business/blogs-columns
http://feeds.washingtonpost.com/rss/rss_ezra-klein
http://feeds.washingtonpost.com/rss/rss_post-tech
http://feeds.washingtonpost.com/rss/lifestyle
http://feeds.washingtonpost.com/rss/lifestyle/advice
http://feeds.washingtonpost.com/rss/lifestyle/food
http://feeds.washingtonpost.com/rss/lifestyle/home-garden
http://feeds.washingtonpost.com/rss/lifestyle/style
http://feeds.washingtonpost.com/rss/lifestyle/travel
http://feeds.washingtonpost.com/rss/lifestyle/weddings
http://feeds.washingtonpost.com/rss/lifestyle/wellness
http://feeds.washingtonpost.com/rss/lifestyle/magazine
http://feeds.washingtonpost.com/rss/lifestyle/kidspost
http://feeds.washingtonpost.com/rss/lifestyle/on-parenting
http://feeds.washingtonpost.com/rss/lifestyle/blogs-columns
http://feeds.washingtonpost.com/rss/rss_arts-post
http://feeds.washingtonpost.com/rss/rss_reliable-source
http://feeds.washingtonpost.com/rss/entertainment
http://feeds.washingtonpost.com/rss/entertainment/books
http://feeds.washingtonpost.com/rss/entertainment/celebrities
http://feeds.washingtonpost.com/rss/entertainment/comics
http://feeds.washingtonpost.com/rss/entertainment/museums
http://feeds.washingtonpost.com/rss/entertainment/music
http://feeds.washingtonpost.com/rss/entertainment/theater-dance
http://feeds.washingtonpost.com/rss/entertainment/tv
http://feeds.washingtonpost.com/rss/entertainment/blogs-columns
http://feeds.washingtonpost.com/rss/rss_classical-beat
http://feeds.washingtonpost.com/rss/rss_comic-riffs
http://feeds.washingtonpost.com/rss/rss_tv-column
http://online.wsj.com/xml/rss/3_7041.xml
http://online.wsj.com/xml/rss/3_7085.xml
http://online.wsj.com/xml/rss/3_7014.xml
http://online.wsj.com/xml/rss/3_7031.xml
http://online.wsj.com/xml/rss/3_7455.xml
http://online.wsj.com/xml/rss/3_7201.xml
http://blogs.wsj.com/bankruptcy/feed/
http://blogs.wsj.com/capitaljournal/feed/
http://blogs.wsj.com/chinarealtime/feed/
http://blogs.wsj.com/corruption-currents/feed/
http://feeds.wsjonline.com/wsj/dailyfix/feed/
http://feeds.wsjonline.com/wsj/deals/feed
http://feeds.wsjonline.com/wsj/developments/feed
http://feeds.wsjonline.com/wsj/biztech/feed
http://blogs.wsj.com/dispatch/feed/
http://blogs.wsj.com/drivers-seat/feed/
http://blogs.wsj.com/exchange/feed/
http://blogs.wsj.com/wealth-manager/feed/
http://blogs.wsj.com/management/feed/
http://blogs.wsj.com/health/feed/
http://blogs.wsj.com/speakeasy/category/style/feed/
http://blogs.wsj.com/hong-kong/feed/
http://blogs.wsj.com/iainmartin/feed/
http://blogs.wsj.com/ideas-market/feed/
http://blogs.wsj.com/indiarealtime/feed/
http://blogs.wsj.com/japanrealtime/feed/
http://blogs.wsj.com/juggle/feed/
http://blogs.wsj.com/korearealtime/feed/
http://blogs.wsj.com/law/feed/
http://blogs.wsj.com/marketbeat/feed/
http://blogs.wsj.com/metropolis/feed/
http://blogs.wsj.com/middleseat/feed/
http://blogs.wsj.com/emergingeurope/feed/
http://feeds.wsjonline.com/wsj/numbersguy/feed
http://blogs.wsj.com/wine/feed/
http://blogs.wsj.com/photojournal/feed/
http://blogs.wsj.com/privateequity/feed/
http://blogs.wsj.com/brussels/feed/
http://feeds.wsjonline.com/wsj/economics/feed
http://blogs.wsj.com/scene/feed/
http://blogs.wsj.com/simonnixon/feed/
http://feeds2.feedburner.com/wsj/speakeasy/feed/
http://blogs.wsj.com/source/feed/
http://blogs.wsj.com/tech-europe/feed/
http://blogs.wsj.com/venturecapital/feed/
http://blogs.wsj.com/washwire/feed/
http://blogs.wsj.com/wealth/feed/
http://blogs.wsj.com/puzzle/feed/
http://online.wsj.com/xml/rss/3_7011.xml
http://online.wsj.com/xml/rss/3_8068.xml
http://online.wsj.com/xml/rss/3_7087.xml
http://online.wsj.com/xml/rss/3_7085.xml
http://online.wsj.com/xml/rss/3_7013.xml
http://online.wsj.com/xml/rss/3_7012.xml
http://online.wsj.com/xml/rss/3_7432.xml
http://online.wsj.com/xml/rss/3_7480.xml
http://online.wsj.com/xml/rss/3_7441.xml
http://online.wsj.com/xml/rss/3_8070.xml
http://online.wsj.com/xml/rss/3_9033.xml
http://online.wsj.com/xml/rss/3_8147.xml
http://online.wsj.com/xml/rss/3_7656.xml
http://online.wsj.com/xml/rss/3_7448.xml
http://online.wsj.com/xml/rss/3_7444.xml
http://online.wsj.com/xml/rss/3_7481.xml
http://online.wsj.com/xml/rss/3_7440.xml
http://online.wsj.com/xml/rss/3_7443.xml
http://online.wsj.com/xml/rss/3_7701.xml
http://online.wsj.com/xml/rss/3_7736.xml
http://online.wsj.com/xml/rss/3_7730.xml
http://online.wsj.com/xml/rss/3_7731.xml